,r,d,t,x,y,z
0,1.0,1.0,70,0.3420201433256688,0,0.9396926207859083
1,1.0,1.0,75,0.25881904510252074,0,0.9659258262890683
2,1.0,1.0,80,0.17364817766693041,0,0.984807753012208
3,1.0,1.0,85,0.08715574274765812,0,0.9961946980917455
4,1.0,1.0,90,6.123233995736766e-17,0,1.0
5,1.0,1.0,95,-0.08715574274765824,0,0.9961946980917455
6,1.0,1.0,100,-0.1736481776669303,0,0.984807753012208
7,1.0,1.0,105,-0.25881904510252085,0,0.9659258262890683
8,1.0,1.0,110,-0.3420201433256687,0,0.9396926207859084
9,1.0,1.0,115,-0.42261826174069933,0,0.90630778703665
10,1.0,1.0,120,-0.4999999999999998,0,0.8660254037844388
11,1.0,1.2,70,0.41042417199080256,0,1.12763114494309
12,1.0,1.2,75,0.3105828541230249,0,1.159110991546882
13,1.0,1.2,80,0.20837781320031648,0,1.1817693036146495
14,1.0,1.2,85,0.10458689129718975,0,1.1954336377100947
15,1.0,1.2,90,7.347880794884119e-17,0,1.2
16,1.0,1.2,95,-0.10458689129718989,0,1.1954336377100947
17,1.0,1.2,100,-0.20837781320031637,0,1.1817693036146495
18,1.0,1.2,105,-0.310582854123025,0,1.159110991546882
19,1.0,1.2,110,-0.41042417199080244,0,1.12763114494309
20,1.0,1.2,115,-0.5071419140888391,0,1.08756934444398
21,1.0,1.2,120,-0.5999999999999998,0,1.0392304845413265
22,1.0,1.4,70,0.47882820065593634,0,1.3155696691002716
23,1.0,1.4,75,0.36234666314352904,0,1.3522961568046956
24,1.0,1.4,80,0.24310744873370257,0,1.378730854217091
25,1.0,1.4,85,0.12201803984672137,0,1.3946725773284436
26,1.0,1.4,90,8.572527594031472e-17,0,1.4
27,1.0,1.4,95,-0.12201803984672152,0,1.3946725773284436
28,1.0,1.4,100,-0.2431074487337024,0,1.378730854217091
29,1.0,1.4,105,-0.36234666314352915,0,1.3522961568046956
30,1.0,1.4,110,-0.4788282006559362,0,1.3155696691002716
31,1.0,1.4,115,-0.591665566436979,0,1.26883090185131
32,1.0,1.4,120,-0.6999999999999996,0,1.2124355652982142
33,1.0,1.5999999999999999,70,0.5472322293210701,0,1.5035081932574532
34,1.0,1.5999999999999999,75,0.4141104721640331,0,1.5454813220625092
35,1.0,1.5999999999999999,80,0.27783708426708864,0,1.5756924048195327
36,1.0,1.5999999999999999,85,0.13944918839625298,0,1.5939115169467928
37,1.0,1.5999999999999999,90,9.797174393178825e-17,0,1.5999999999999999
38,1.0,1.5999999999999999,95,-0.13944918839625317,0,1.5939115169467928
39,1.0,1.5999999999999999,100,-0.2778370842670885,0,1.5756924048195327
40,1.0,1.5999999999999999,105,-0.41411047216403335,0,1.5454813220625092
41,1.0,1.5999999999999999,110,-0.5472322293210699,0,1.5035081932574534
42,1.0,1.5999999999999999,115,-0.6761892187851188,0,1.45009245925864
43,1.0,1.5999999999999999,120,-0.7999999999999996,0,1.385640646055102
44,1.0,1.7999999999999998,70,0.6156362579862038,0,1.6914467174146348
45,1.0,1.7999999999999998,75,0.4658742811845373,0,1.7386664873203228
46,1.0,1.7999999999999998,80,0.31256671980047473,0,1.7726539554219742
47,1.0,1.7999999999999998,85,0.1568803369457846,0,1.7931504565651417
48,1.0,1.7999999999999998,90,1.1021821192326178e-16,0,1.7999999999999998
49,1.0,1.7999999999999998,95,-0.15688033694578482,0,1.7931504565651417
50,1.0,1.7999999999999998,100,-0.3125667198004745,0,1.7726539554219742
51,1.0,1.7999999999999998,105,-0.4658742811845375,0,1.7386664873203228
52,1.0,1.7999999999999998,110,-0.6156362579862036,0,1.691446717414635
53,1.0,1.7999999999999998,115,-0.7607128711332587,0,1.63135401666597
54,1.0,1.7999999999999998,120,-0.8999999999999995,0,1.5588457268119897
55,1.0,1.9999999999999998,70,0.6840402866513375,0,1.8793852415718164
56,1.0,1.9999999999999998,75,0.5176380902050414,0,1.9318516525781364
57,1.0,1.9999999999999998,80,0.3472963553338608,0,1.9696155060244158
58,1.0,1.9999999999999998,85,0.17431148549531622,0,1.9923893961834909
59,1.0,1.9999999999999998,90,1.224646799147353e-16,0,1.9999999999999998
60,1.0,1.9999999999999998,95,-0.17431148549531644,0,1.9923893961834909
61,1.0,1.9999999999999998,100,-0.34729635533386055,0,1.9696155060244158
62,1.0,1.9999999999999998,105,-0.5176380902050416,0,1.9318516525781364
63,1.0,1.9999999999999998,110,-0.6840402866513373,0,1.8793852415718166
64,1.0,1.9999999999999998,115,-0.8452365234813985,0,1.8126155740732999
65,1.0,1.9999999999999998,120,-0.9999999999999994,0,1.7320508075688774
66,1.2,1.2,70,0.41042417199080256,0,1.12763114494309
67,1.2,1.2,75,0.3105828541230249,0,1.159110991546882
68,1.2,1.2,80,0.20837781320031648,0,1.1817693036146495
69,1.2,1.2,85,0.10458689129718975,0,1.1954336377100947
70,1.2,1.2,90,7.347880794884119e-17,0,1.2
71,1.2,1.2,95,-0.10458689129718989,0,1.1954336377100947
72,1.2,1.2,100,-0.20837781320031637,0,1.1817693036146495
73,1.2,1.2,105,-0.310582854123025,0,1.159110991546882
74,1.2,1.2,110,-0.41042417199080244,0,1.12763114494309
75,1.2,1.2,115,-0.5071419140888391,0,1.08756934444398
76,1.2,1.2,120,-0.5999999999999998,0,1.0392304845413265
77,1.2,1.4,70,0.47882820065593634,0,1.3155696691002716
78,1.2,1.4,75,0.36234666314352904,0,1.3522961568046956
79,1.2,1.4,80,0.24310744873370257,0,1.378730854217091
80,1.2,1.4,85,0.12201803984672137,0,1.3946725773284436
81,1.2,1.4,90,8.572527594031472e-17,0,1.4
82,1.2,1.4,95,-0.12201803984672152,0,1.3946725773284436
83,1.2,1.4,100,-0.2431074487337024,0,1.378730854217091
84,1.2,1.4,105,-0.36234666314352915,0,1.3522961568046956
85,1.2,1.4,110,-0.4788282006559362,0,1.3155696691002716
86,1.2,1.4,115,-0.591665566436979,0,1.26883090185131
87,1.2,1.4,120,-0.6999999999999996,0,1.2124355652982142
88,1.2,1.5999999999999999,70,0.5472322293210701,0,1.5035081932574532
89,1.2,1.5999999999999999,75,0.4141104721640331,0,1.5454813220625092
90,1.2,1.5999999999999999,80,0.27783708426708864,0,1.5756924048195327
91,1.2,1.5999999999999999,85,0.13944918839625298,0,1.5939115169467928
92,1.2,1.5999999999999999,90,9.797174393178825e-17,0,1.5999999999999999
93,1.2,1.5999999999999999,95,-0.13944918839625317,0,1.5939115169467928
94,1.2,1.5999999999999999,100,-0.2778370842670885,0,1.5756924048195327
95,1.2,1.5999999999999999,105,-0.41411047216403335,0,1.5454813220625092
96,1.2,1.5999999999999999,110,-0.5472322293210699,0,1.5035081932574534
97,1.2,1.5999999999999999,115,-0.6761892187851188,0,1.45009245925864
98,1.2,1.5999999999999999,120,-0.7999999999999996,0,1.385640646055102
99,1.2,1.7999999999999998,70,0.6156362579862038,0,1.6914467174146348
100,1.2,1.7999999999999998,75,0.4658742811845373,0,1.7386664873203228
101,1.2,1.7999999999999998,80,0.31256671980047473,0,1.7726539554219742
102,1.2,1.7999999999999998,85,0.1568803369457846,0,1.7931504565651417
103,1.2,1.7999999999999998,90,1.1021821192326178e-16,0,1.7999999999999998
104,1.2,1.7999999999999998,95,-0.15688033694578482,0,1.7931504565651417
105,1.2,1.7999999999999998,100,-0.3125667198004745,0,1.7726539554219742
106,1.2,1.7999999999999998,105,-0.4658742811845375,0,1.7386664873203228
107,1.2,1.7999999999999998,110,-0.6156362579862036,0,1.691446717414635
108,1.2,1.7999999999999998,115,-0.7607128711332587,0,1.63135401666597
109,1.2,1.7999999999999998,120,-0.8999999999999995,0,1.5588457268119897
110,1.2,1.9999999999999998,70,0.6840402866513375,0,1.8793852415718164
111,1.2,1.9999999999999998,75,0.5176380902050414,0,1.9318516525781364
112,1.2,1.9999999999999998,80,0.3472963553338608,0,1.9696155060244158
113,1.2,1.9999999999999998,85,0.17431148549531622,0,1.9923893961834909
114,1.2,1.9999999999999998,90,1.224646799147353e-16,0,1.9999999999999998
115,1.2,1.9999999999999998,95,-0.17431148549531644,0,1.9923893961834909
116,1.2,1.9999999999999998,100,-0.34729635533386055,0,1.9696155060244158
117,1.2,1.9999999999999998,105,-0.5176380902050416,0,1.9318516525781364
118,1.2,1.9999999999999998,110,-0.6840402866513373,0,1.8793852415718166
119,1.2,1.9999999999999998,115,-0.8452365234813985,0,1.8126155740732999
120,1.2,1.9999999999999998,120,-0.9999999999999994,0,1.7320508075688774
121,1.2,2.1999999999999997,70,0.7524443153164713,0,2.067323765728998
122,1.2,2.1999999999999997,75,0.5694018992255455,0,2.12503681783595
123,1.2,2.1999999999999997,80,0.38202599086724687,0,2.166577056626857
124,1.2,2.1999999999999997,85,0.19174263404484784,0,2.19162833580184
125,1.2,2.1999999999999997,90,1.3471114790620883e-16,0,2.1999999999999997
126,1.2,2.1999999999999997,95,-0.1917426340448481,0,2.19162833580184
127,1.2,2.1999999999999997,100,-0.38202599086724665,0,2.166577056626857
128,1.2,2.1999999999999997,105,-0.5694018992255458,0,2.12503681783595
129,1.2,2.1999999999999997,110,-0.752444315316471,0,2.0673237657289985
130,1.2,2.1999999999999997,115,-0.9297601758295384,0,1.9938771314806298
131,1.2,2.1999999999999997,120,-1.0999999999999994,0,1.905255888325765
132,1.4,1.4,70,0.47882820065593634,0,1.3155696691002716
133,1.4,1.4,75,0.36234666314352904,0,1.3522961568046956
134,1.4,1.4,80,0.24310744873370257,0,1.378730854217091
135,1.4,1.4,85,0.12201803984672137,0,1.3946725773284436
136,1.4,1.4,90,8.572527594031472e-17,0,1.4
137,1.4,1.4,95,-0.12201803984672152,0,1.3946725773284436
138,1.4,1.4,100,-0.2431074487337024,0,1.378730854217091
139,1.4,1.4,105,-0.36234666314352915,0,1.3522961568046956
140,1.4,1.4,110,-0.4788282006559362,0,1.3155696691002716
141,1.4,1.4,115,-0.591665566436979,0,1.26883090185131
142,1.4,1.4,120,-0.6999999999999996,0,1.2124355652982142
143,1.4,1.5999999999999999,70,0.5472322293210701,0,1.5035081932574532
144,1.4,1.5999999999999999,75,0.4141104721640331,0,1.5454813220625092
145,1.4,1.5999999999999999,80,0.27783708426708864,0,1.5756924048195327
146,1.4,1.5999999999999999,85,0.13944918839625298,0,1.5939115169467928
147,1.4,1.5999999999999999,90,9.797174393178825e-17,0,1.5999999999999999
148,1.4,1.5999999999999999,95,-0.13944918839625317,0,1.5939115169467928
149,1.4,1.5999999999999999,100,-0.2778370842670885,0,1.5756924048195327
150,1.4,1.5999999999999999,105,-0.41411047216403335,0,1.5454813220625092
151,1.4,1.5999999999999999,110,-0.5472322293210699,0,1.5035081932574534
152,1.4,1.5999999999999999,115,-0.6761892187851188,0,1.45009245925864
153,1.4,1.5999999999999999,120,-0.7999999999999996,0,1.385640646055102
154,1.4,1.7999999999999998,70,0.6156362579862038,0,1.6914467174146348
155,1.4,1.7999999999999998,75,0.4658742811845373,0,1.7386664873203228
156,1.4,1.7999999999999998,80,0.31256671980047473,0,1.7726539554219742
157,1.4,1.7999999999999998,85,0.1568803369457846,0,1.7931504565651417
158,1.4,1.7999999999999998,90,1.1021821192326178e-16,0,1.7999999999999998
159,1.4,1.7999999999999998,95,-0.15688033694578482,0,1.7931504565651417
160,1.4,1.7999999999999998,100,-0.3125667198004745,0,1.7726539554219742
161,1.4,1.7999999999999998,105,-0.4658742811845375,0,1.7386664873203228
162,1.4,1.7999999999999998,110,-0.6156362579862036,0,1.691446717414635
163,1.4,1.7999999999999998,115,-0.7607128711332587,0,1.63135401666597
164,1.4,1.7999999999999998,120,-0.8999999999999995,0,1.5588457268119897
165,1.4,1.9999999999999998,70,0.6840402866513375,0,1.8793852415718164
166,1.4,1.9999999999999998,75,0.5176380902050414,0,1.9318516525781364
167,1.4,1.9999999999999998,80,0.3472963553338608,0,1.9696155060244158
168,1.4,1.9999999999999998,85,0.17431148549531622,0,1.9923893961834909
169,1.4,1.9999999999999998,90,1.224646799147353e-16,0,1.9999999999999998
170,1.4,1.9999999999999998,95,-0.17431148549531644,0,1.9923893961834909
171,1.4,1.9999999999999998,100,-0.34729635533386055,0,1.9696155060244158
172,1.4,1.9999999999999998,105,-0.5176380902050416,0,1.9318516525781364
173,1.4,1.9999999999999998,110,-0.6840402866513373,0,1.8793852415718166
174,1.4,1.9999999999999998,115,-0.8452365234813985,0,1.8126155740732999
175,1.4,1.9999999999999998,120,-0.9999999999999994,0,1.7320508075688774
176,1.4,2.1999999999999997,70,0.7524443153164713,0,2.067323765728998
177,1.4,2.1999999999999997,75,0.5694018992255455,0,2.12503681783595
178,1.4,2.1999999999999997,80,0.38202599086724687,0,2.166577056626857
179,1.4,2.1999999999999997,85,0.19174263404484784,0,2.19162833580184
180,1.4,2.1999999999999997,90,1.3471114790620883e-16,0,2.1999999999999997
181,1.4,2.1999999999999997,95,-0.1917426340448481,0,2.19162833580184
182,1.4,2.1999999999999997,100,-0.38202599086724665,0,2.166577056626857
183,1.4,2.1999999999999997,105,-0.5694018992255458,0,2.12503681783595
184,1.4,2.1999999999999997,110,-0.752444315316471,0,2.0673237657289985
185,1.4,2.1999999999999997,115,-0.9297601758295384,0,1.9938771314806298
186,1.4,2.1999999999999997,120,-1.0999999999999994,0,1.905255888325765
187,1.4,2.3999999999999995,70,0.820848343981605,0,2.2552622898861796
188,1.4,2.3999999999999995,75,0.6211657082460497,0,2.3182219830937636
189,1.4,2.3999999999999995,80,0.4167556264006329,0,2.3635386072292985
190,1.4,2.3999999999999995,85,0.20917378259437946,0,2.390867275420189
191,1.4,2.3999999999999995,90,1.4695761589768236e-16,0,2.3999999999999995
192,1.4,2.3999999999999995,95,-0.20917378259437971,0,2.390867275420189
193,1.4,2.3999999999999995,100,-0.41675562640063263,0,2.3635386072292985
194,1.4,2.3999999999999995,105,-0.6211657082460499,0,2.3182219830937636
195,1.4,2.3999999999999995,110,-0.8208483439816048,0,2.2552622898861796
196,1.4,2.3999999999999995,115,-1.0142838281776783,0,2.1751386888879596
197,1.4,2.3999999999999995,120,-1.1999999999999993,0,2.0784609690826525
198,1.5999999999999999,1.5999999999999999,70,0.5472322293210701,0,1.5035081932574532
199,1.5999999999999999,1.5999999999999999,75,0.4141104721640331,0,1.5454813220625092
200,1.5999999999999999,1.5999999999999999,80,0.27783708426708864,0,1.5756924048195327
201,1.5999999999999999,1.5999999999999999,85,0.13944918839625298,0,1.5939115169467928
202,1.5999999999999999,1.5999999999999999,90,9.797174393178825e-17,0,1.5999999999999999
203,1.5999999999999999,1.5999999999999999,95,-0.13944918839625317,0,1.5939115169467928
204,1.5999999999999999,1.5999999999999999,100,-0.2778370842670885,0,1.5756924048195327
205,1.5999999999999999,1.5999999999999999,105,-0.41411047216403335,0,1.5454813220625092
206,1.5999999999999999,1.5999999999999999,110,-0.5472322293210699,0,1.5035081932574534
207,1.5999999999999999,1.5999999999999999,115,-0.6761892187851188,0,1.45009245925864
208,1.5999999999999999,1.5999999999999999,120,-0.7999999999999996,0,1.385640646055102
209,1.5999999999999999,1.7999999999999998,70,0.6156362579862038,0,1.6914467174146348
210,1.5999999999999999,1.7999999999999998,75,0.4658742811845373,0,1.7386664873203228
211,1.5999999999999999,1.7999999999999998,80,0.31256671980047473,0,1.7726539554219742
212,1.5999999999999999,1.7999999999999998,85,0.1568803369457846,0,1.7931504565651417
213,1.5999999999999999,1.7999999999999998,90,1.1021821192326178e-16,0,1.7999999999999998
214,1.5999999999999999,1.7999999999999998,95,-0.15688033694578482,0,1.7931504565651417
215,1.5999999999999999,1.7999999999999998,100,-0.3125667198004745,0,1.7726539554219742
216,1.5999999999999999,1.7999999999999998,105,-0.4658742811845375,0,1.7386664873203228
217,1.5999999999999999,1.7999999999999998,110,-0.6156362579862036,0,1.691446717414635
218,1.5999999999999999,1.7999999999999998,115,-0.7607128711332587,0,1.63135401666597
219,1.5999999999999999,1.7999999999999998,120,-0.8999999999999995,0,1.5588457268119897
220,1.5999999999999999,1.9999999999999998,70,0.6840402866513375,0,1.8793852415718164
221,1.5999999999999999,1.9999999999999998,75,0.5176380902050414,0,1.9318516525781364
222,1.5999999999999999,1.9999999999999998,80,0.3472963553338608,0,1.9696155060244158
223,1.5999999999999999,1.9999999999999998,85,0.17431148549531622,0,1.9923893961834909
224,1.5999999999999999,1.9999999999999998,90,1.224646799147353e-16,0,1.9999999999999998
225,1.5999999999999999,1.9999999999999998,95,-0.17431148549531644,0,1.9923893961834909
226,1.5999999999999999,1.9999999999999998,100,-0.34729635533386055,0,1.9696155060244158
227,1.5999999999999999,1.9999999999999998,105,-0.5176380902050416,0,1.9318516525781364
228,1.5999999999999999,1.9999999999999998,110,-0.6840402866513373,0,1.8793852415718166
229,1.5999999999999999,1.9999999999999998,115,-0.8452365234813985,0,1.8126155740732999
230,1.5999999999999999,1.9999999999999998,120,-0.9999999999999994,0,1.7320508075688774
231,1.5999999999999999,2.1999999999999997,70,0.7524443153164713,0,2.067323765728998
232,1.5999999999999999,2.1999999999999997,75,0.5694018992255455,0,2.12503681783595
233,1.5999999999999999,2.1999999999999997,80,0.38202599086724687,0,2.166577056626857
234,1.5999999999999999,2.1999999999999997,85,0.19174263404484784,0,2.19162833580184
235,1.5999999999999999,2.1999999999999997,90,1.3471114790620883e-16,0,2.1999999999999997
236,1.5999999999999999,2.1999999999999997,95,-0.1917426340448481,0,2.19162833580184
237,1.5999999999999999,2.1999999999999997,100,-0.38202599086724665,0,2.166577056626857
238,1.5999999999999999,2.1999999999999997,105,-0.5694018992255458,0,2.12503681783595
239,1.5999999999999999,2.1999999999999997,110,-0.752444315316471,0,2.0673237657289985
240,1.5999999999999999,2.1999999999999997,115,-0.9297601758295384,0,1.9938771314806298
241,1.5999999999999999,2.1999999999999997,120,-1.0999999999999994,0,1.905255888325765
242,1.5999999999999999,2.3999999999999995,70,0.820848343981605,0,2.2552622898861796
243,1.5999999999999999,2.3999999999999995,75,0.6211657082460497,0,2.3182219830937636
244,1.5999999999999999,2.3999999999999995,80,0.4167556264006329,0,2.3635386072292985
245,1.5999999999999999,2.3999999999999995,85,0.20917378259437946,0,2.390867275420189
246,1.5999999999999999,2.3999999999999995,90,1.4695761589768236e-16,0,2.3999999999999995
247,1.5999999999999999,2.3999999999999995,95,-0.20917378259437971,0,2.390867275420189
248,1.5999999999999999,2.3999999999999995,100,-0.41675562640063263,0,2.3635386072292985
249,1.5999999999999999,2.3999999999999995,105,-0.6211657082460499,0,2.3182219830937636
250,1.5999999999999999,2.3999999999999995,110,-0.8208483439816048,0,2.2552622898861796
251,1.5999999999999999,2.3999999999999995,115,-1.0142838281776783,0,2.1751386888879596
252,1.5999999999999999,2.3999999999999995,120,-1.1999999999999993,0,2.0784609690826525
253,1.5999999999999999,2.5999999999999996,70,0.8892523726467388,0,2.443200814043361
254,1.5999999999999999,2.5999999999999996,75,0.6729295172665538,0,2.5114071483515774
255,1.5999999999999999,2.5999999999999996,80,0.451485261934019,0,2.5605001578317403
256,1.5999999999999999,2.5999999999999996,85,0.2266049311439111,0,2.590106215038538
257,1.5999999999999999,2.5999999999999996,90,1.5920408388915588e-16,0,2.5999999999999996
258,1.5999999999999999,2.5999999999999996,95,-0.2266049311439114,0,2.590106215038538
259,1.5999999999999999,2.5999999999999996,100,-0.4514852619340187,0,2.5605001578317403
260,1.5999999999999999,2.5999999999999996,105,-0.6729295172665541,0,2.5114071483515774
261,1.5999999999999999,2.5999999999999996,110,-0.8892523726467385,0,2.4432008140433616
262,1.5999999999999999,2.5999999999999996,115,-1.0988074805258181,0,2.3564002462952898
263,1.5999999999999999,2.5999999999999996,120,-1.2999999999999992,0,2.2516660498395407
264,1.7999999999999998,1.7999999999999998,70,0.6156362579862038,0,1.6914467174146348
265,1.7999999999999998,1.7999999999999998,75,0.4658742811845373,0,1.7386664873203228
266,1.7999999999999998,1.7999999999999998,80,0.31256671980047473,0,1.7726539554219742
267,1.7999999999999998,1.7999999999999998,85,0.1568803369457846,0,1.7931504565651417
268,1.7999999999999998,1.7999999999999998,90,1.1021821192326178e-16,0,1.7999999999999998
269,1.7999999999999998,1.7999999999999998,95,-0.15688033694578482,0,1.7931504565651417
270,1.7999999999999998,1.7999999999999998,100,-0.3125667198004745,0,1.7726539554219742
271,1.7999999999999998,1.7999999999999998,105,-0.4658742811845375,0,1.7386664873203228
272,1.7999999999999998,1.7999999999999998,110,-0.6156362579862036,0,1.691446717414635
273,1.7999999999999998,1.7999999999999998,115,-0.7607128711332587,0,1.63135401666597
274,1.7999999999999998,1.7999999999999998,120,-0.8999999999999995,0,1.5588457268119897
275,1.7999999999999998,1.9999999999999998,70,0.6840402866513375,0,1.8793852415718164
276,1.7999999999999998,1.9999999999999998,75,0.5176380902050414,0,1.9318516525781364
277,1.7999999999999998,1.9999999999999998,80,0.3472963553338608,0,1.9696155060244158
278,1.7999999999999998,1.9999999999999998,85,0.17431148549531622,0,1.9923893961834909
279,1.7999999999999998,1.9999999999999998,90,1.224646799147353e-16,0,1.9999999999999998
280,1.7999999999999998,1.9999999999999998,95,-0.17431148549531644,0,1.9923893961834909
281,1.7999999999999998,1.9999999999999998,100,-0.34729635533386055,0,1.9696155060244158
282,1.7999999999999998,1.9999999999999998,105,-0.5176380902050416,0,1.9318516525781364
283,1.7999999999999998,1.9999999999999998,110,-0.6840402866513373,0,1.8793852415718166
284,1.7999999999999998,1.9999999999999998,115,-0.8452365234813985,0,1.8126155740732999
285,1.7999999999999998,1.9999999999999998,120,-0.9999999999999994,0,1.7320508075688774
286,1.7999999999999998,2.1999999999999997,70,0.7524443153164713,0,2.067323765728998
287,1.7999999999999998,2.1999999999999997,75,0.5694018992255455,0,2.12503681783595
288,1.7999999999999998,2.1999999999999997,80,0.38202599086724687,0,2.166577056626857
289,1.7999999999999998,2.1999999999999997,85,0.19174263404484784,0,2.19162833580184
290,1.7999999999999998,2.1999999999999997,90,1.3471114790620883e-16,0,2.1999999999999997
291,1.7999999999999998,2.1999999999999997,95,-0.1917426340448481,0,2.19162833580184
292,1.7999999999999998,2.1999999999999997,100,-0.38202599086724665,0,2.166577056626857
293,1.7999999999999998,2.1999999999999997,105,-0.5694018992255458,0,2.12503681783595
294,1.7999999999999998,2.1999999999999997,110,-0.752444315316471,0,2.0673237657289985
295,1.7999999999999998,2.1999999999999997,115,-0.9297601758295384,0,1.9938771314806298
296,1.7999999999999998,2.1999999999999997,120,-1.0999999999999994,0,1.905255888325765
297,1.7999999999999998,2.3999999999999995,70,0.820848343981605,0,2.2552622898861796
298,1.7999999999999998,2.3999999999999995,75,0.6211657082460497,0,2.3182219830937636
299,1.7999999999999998,2.3999999999999995,80,0.4167556264006329,0,2.3635386072292985
300,1.7999999999999998,2.3999999999999995,85,0.20917378259437946,0,2.390867275420189
301,1.7999999999999998,2.3999999999999995,90,1.4695761589768236e-16,0,2.3999999999999995
302,1.7999999999999998,2.3999999999999995,95,-0.20917378259437971,0,2.390867275420189
303,1.7999999999999998,2.3999999999999995,100,-0.41675562640063263,0,2.3635386072292985
304,1.7999999999999998,2.3999999999999995,105,-0.6211657082460499,0,2.3182219830937636
305,1.7999999999999998,2.3999999999999995,110,-0.8208483439816048,0,2.2552622898861796
306,1.7999999999999998,2.3999999999999995,115,-1.0142838281776783,0,2.1751386888879596
307,1.7999999999999998,2.3999999999999995,120,-1.1999999999999993,0,2.0784609690826525
308,1.7999999999999998,2.5999999999999996,70,0.8892523726467388,0,2.443200814043361
309,1.7999999999999998,2.5999999999999996,75,0.6729295172665538,0,2.5114071483515774
310,1.7999999999999998,2.5999999999999996,80,0.451485261934019,0,2.5605001578317403
311,1.7999999999999998,2.5999999999999996,85,0.2266049311439111,0,2.590106215038538
312,1.7999999999999998,2.5999999999999996,90,1.5920408388915588e-16,0,2.5999999999999996
313,1.7999999999999998,2.5999999999999996,95,-0.2266049311439114,0,2.590106215038538
314,1.7999999999999998,2.5999999999999996,100,-0.4514852619340187,0,2.5605001578317403
315,1.7999999999999998,2.5999999999999996,105,-0.6729295172665541,0,2.5114071483515774
316,1.7999999999999998,2.5999999999999996,110,-0.8892523726467385,0,2.4432008140433616
317,1.7999999999999998,2.5999999999999996,115,-1.0988074805258181,0,2.3564002462952898
318,1.7999999999999998,2.5999999999999996,120,-1.2999999999999992,0,2.2516660498395407
319,1.7999999999999998,2.8,70,0.9576564013118727,0,2.6311393382005432
320,1.7999999999999998,2.8,75,0.7246933262870581,0,2.7045923136093912
321,1.7999999999999998,2.8,80,0.48621489746740515,0,2.757461708434182
322,1.7999999999999998,2.8,85,0.24403607969344274,0,2.7893451546568873
323,1.7999999999999998,2.8,90,1.7145055188062944e-16,0,2.8
324,1.7999999999999998,2.8,95,-0.24403607969344304,0,2.7893451546568873
325,1.7999999999999998,2.8,100,-0.4862148974674048,0,2.757461708434182
326,1.7999999999999998,2.8,105,-0.7246933262870583,0,2.7045923136093912
327,1.7999999999999998,2.8,110,-0.9576564013118724,0,2.6311393382005432
328,1.7999999999999998,2.8,115,-1.183331132873958,0,2.53766180370262
329,1.7999999999999998,2.8,120,-1.3999999999999992,0,2.4248711305964283
330,1.9999999999999998,1.9999999999999998,70,0.6840402866513375,0,1.8793852415718164
331,1.9999999999999998,1.9999999999999998,75,0.5176380902050414,0,1.9318516525781364
332,1.9999999999999998,1.9999999999999998,80,0.3472963553338608,0,1.9696155060244158
333,1.9999999999999998,1.9999999999999998,85,0.17431148549531622,0,1.9923893961834909
334,1.9999999999999998,1.9999999999999998,90,1.224646799147353e-16,0,1.9999999999999998
335,1.9999999999999998,1.9999999999999998,95,-0.17431148549531644,0,1.9923893961834909
336,1.9999999999999998,1.9999999999999998,100,-0.34729635533386055,0,1.9696155060244158
337,1.9999999999999998,1.9999999999999998,105,-0.5176380902050416,0,1.9318516525781364
338,1.9999999999999998,1.9999999999999998,110,-0.6840402866513373,0,1.8793852415718166
339,1.9999999999999998,1.9999999999999998,115,-0.8452365234813985,0,1.8126155740732999
340,1.9999999999999998,1.9999999999999998,120,-0.9999999999999994,0,1.7320508075688774
341,1.9999999999999998,2.1999999999999997,70,0.7524443153164713,0,2.067323765728998
342,1.9999999999999998,2.1999999999999997,75,0.5694018992255455,0,2.12503681783595
343,1.9999999999999998,2.1999999999999997,80,0.38202599086724687,0,2.166577056626857
344,1.9999999999999998,2.1999999999999997,85,0.19174263404484784,0,2.19162833580184
345,1.9999999999999998,2.1999999999999997,90,1.3471114790620883e-16,0,2.1999999999999997
346,1.9999999999999998,2.1999999999999997,95,-0.1917426340448481,0,2.19162833580184
347,1.9999999999999998,2.1999999999999997,100,-0.38202599086724665,0,2.166577056626857
348,1.9999999999999998,2.1999999999999997,105,-0.5694018992255458,0,2.12503681783595
349,1.9999999999999998,2.1999999999999997,110,-0.752444315316471,0,2.0673237657289985
350,1.9999999999999998,2.1999999999999997,115,-0.9297601758295384,0,1.9938771314806298
351,1.9999999999999998,2.1999999999999997,120,-1.0999999999999994,0,1.905255888325765
352,1.9999999999999998,2.3999999999999995,70,0.820848343981605,0,2.2552622898861796
353,1.9999999999999998,2.3999999999999995,75,0.6211657082460497,0,2.3182219830937636
354,1.9999999999999998,2.3999999999999995,80,0.4167556264006329,0,2.3635386072292985
355,1.9999999999999998,2.3999999999999995,85,0.20917378259437946,0,2.390867275420189
356,1.9999999999999998,2.3999999999999995,90,1.4695761589768236e-16,0,2.3999999999999995
357,1.9999999999999998,2.3999999999999995,95,-0.20917378259437971,0,2.390867275420189
358,1.9999999999999998,2.3999999999999995,100,-0.41675562640063263,0,2.3635386072292985
359,1.9999999999999998,2.3999999999999995,105,-0.6211657082460499,0,2.3182219830937636
360,1.9999999999999998,2.3999999999999995,110,-0.8208483439816048,0,2.2552622898861796
361,1.9999999999999998,2.3999999999999995,115,-1.0142838281776783,0,2.1751386888879596
362,1.9999999999999998,2.3999999999999995,120,-1.1999999999999993,0,2.0784609690826525
363,1.9999999999999998,2.5999999999999996,70,0.8892523726467388,0,2.443200814043361
364,1.9999999999999998,2.5999999999999996,75,0.6729295172665538,0,2.5114071483515774
365,1.9999999999999998,2.5999999999999996,80,0.451485261934019,0,2.5605001578317403
366,1.9999999999999998,2.5999999999999996,85,0.2266049311439111,0,2.590106215038538
367,1.9999999999999998,2.5999999999999996,90,1.5920408388915588e-16,0,2.5999999999999996
368,1.9999999999999998,2.5999999999999996,95,-0.2266049311439114,0,2.590106215038538
369,1.9999999999999998,2.5999999999999996,100,-0.4514852619340187,0,2.5605001578317403
370,1.9999999999999998,2.5999999999999996,105,-0.6729295172665541,0,2.5114071483515774
371,1.9999999999999998,2.5999999999999996,110,-0.8892523726467385,0,2.4432008140433616
372,1.9999999999999998,2.5999999999999996,115,-1.0988074805258181,0,2.3564002462952898
373,1.9999999999999998,2.5999999999999996,120,-1.2999999999999992,0,2.2516660498395407
374,1.9999999999999998,2.8,70,0.9576564013118727,0,2.6311393382005432
375,1.9999999999999998,2.8,75,0.7246933262870581,0,2.7045923136093912
376,1.9999999999999998,2.8,80,0.48621489746740515,0,2.757461708434182
377,1.9999999999999998,2.8,85,0.24403607969344274,0,2.7893451546568873
378,1.9999999999999998,2.8,90,1.7145055188062944e-16,0,2.8
379,1.9999999999999998,2.8,95,-0.24403607969344304,0,2.7893451546568873
380,1.9999999999999998,2.8,100,-0.4862148974674048,0,2.757461708434182
381,1.9999999999999998,2.8,105,-0.7246933262870583,0,2.7045923136093912
382,1.9999999999999998,2.8,110,-0.9576564013118724,0,2.6311393382005432
383,1.9999999999999998,2.8,115,-1.183331132873958,0,2.53766180370262
384,1.9999999999999998,2.8,120,-1.3999999999999992,0,2.4248711305964283
385,1.9999999999999998,2.9999999999999996,70,1.0260604299770064,0,2.8190778623577244
386,1.9999999999999998,2.9999999999999996,75,0.7764571353075621,0,2.8977774788672046
387,1.9999999999999998,2.9999999999999996,80,0.5209445330007911,0,2.9544232590366235
388,1.9999999999999998,2.9999999999999996,85,0.26146722824297436,0,2.9885840942752364
389,1.9999999999999998,2.9999999999999996,90,1.8369701987210294e-16,0,2.9999999999999996
390,1.9999999999999998,2.9999999999999996,95,-0.2614672282429747,0,2.9885840942752364
391,1.9999999999999998,2.9999999999999996,100,-0.5209445330007908,0,2.9544232590366235
392,1.9999999999999998,2.9999999999999996,105,-0.7764571353075624,0,2.8977774788672046
393,1.9999999999999998,2.9999999999999996,110,-1.026060429977006,0,2.819077862357725
394,1.9999999999999998,2.9999999999999996,115,-1.2678547852220978,0,2.7189233611099497
395,1.9999999999999998,2.9999999999999996,120,-1.4999999999999991,0,2.598076211353316
396,2.1999999999999997,2.1999999999999997,70,0.7524443153164713,0,2.067323765728998
397,2.1999999999999997,2.1999999999999997,75,0.5694018992255455,0,2.12503681783595
398,2.1999999999999997,2.1999999999999997,80,0.38202599086724687,0,2.166577056626857
399,2.1999999999999997,2.1999999999999997,85,0.19174263404484784,0,2.19162833580184
400,2.1999999999999997,2.1999999999999997,90,1.3471114790620883e-16,0,2.1999999999999997
401,2.1999999999999997,2.1999999999999997,95,-0.1917426340448481,0,2.19162833580184
402,2.1999999999999997,2.1999999999999997,100,-0.38202599086724665,0,2.166577056626857
403,2.1999999999999997,2.1999999999999997,105,-0.5694018992255458,0,2.12503681783595
404,2.1999999999999997,2.1999999999999997,110,-0.752444315316471,0,2.0673237657289985
405,2.1999999999999997,2.1999999999999997,115,-0.9297601758295384,0,1.9938771314806298
406,2.1999999999999997,2.1999999999999997,120,-1.0999999999999994,0,1.905255888325765
407,2.1999999999999997,2.4,70,0.8208483439816051,0,2.25526228988618
408,2.1999999999999997,2.4,75,0.6211657082460498,0,2.318221983093764
409,2.1999999999999997,2.4,80,0.41675562640063296,0,2.363538607229299
410,2.1999999999999997,2.4,85,0.2091737825943795,0,2.3908672754201894
411,2.1999999999999997,2.4,90,1.4695761589768238e-16,0,2.4
412,2.1999999999999997,2.4,95,-0.20917378259437977,0,2.3908672754201894
413,2.1999999999999997,2.4,100,-0.41675562640063274,0,2.363538607229299
414,2.1999999999999997,2.4,105,-0.62116570824605,0,2.318221983093764
415,2.1999999999999997,2.4,110,-0.8208483439816049,0,2.25526228988618
416,2.1999999999999997,2.4,115,-1.0142838281776783,0,2.17513868888796
417,2.1999999999999997,2.4,120,-1.1999999999999995,0,2.078460969082653
418,2.1999999999999997,2.6,70,0.889252372646739,0,2.4432008140433616
419,2.1999999999999997,2.6,75,0.6729295172665539,0,2.511407148351578
420,2.1999999999999997,2.6,80,0.4514852619340191,0,2.560500157831741
421,2.1999999999999997,2.6,85,0.22660493114391114,0,2.5901062150385386
422,2.1999999999999997,2.6,90,1.5920408388915593e-16,0,2.6
423,2.1999999999999997,2.6,95,-0.22660493114391142,0,2.5901062150385386
424,2.1999999999999997,2.6,100,-0.4514852619340188,0,2.560500157831741
425,2.1999999999999997,2.6,105,-0.6729295172665543,0,2.511407148351578
426,2.1999999999999997,2.6,110,-0.8892523726467387,0,2.443200814043362
427,2.1999999999999997,2.6,115,-1.0988074805258183,0,2.35640024629529
428,2.1999999999999997,2.6,120,-1.2999999999999994,0,2.251666049839541
429,2.1999999999999997,2.8000000000000003,70,0.9576564013118728,0,2.6311393382005437
430,2.1999999999999997,2.8000000000000003,75,0.7246933262870582,0,2.7045923136093917
431,2.1999999999999997,2.8000000000000003,80,0.4862148974674052,0,2.7574617084341826
432,2.1999999999999997,2.8000000000000003,85,0.24403607969344276,0,2.7893451546568877
433,2.1999999999999997,2.8000000000000003,90,1.7145055188062946e-16,0,2.8000000000000003
434,2.1999999999999997,2.8000000000000003,95,-0.24403607969344307,0,2.7893451546568877
435,2.1999999999999997,2.8000000000000003,100,-0.48621489746740487,0,2.7574617084341826
436,2.1999999999999997,2.8000000000000003,105,-0.7246933262870584,0,2.7045923136093917
437,2.1999999999999997,2.8000000000000003,110,-0.9576564013118725,0,2.6311393382005437
438,2.1999999999999997,2.8000000000000003,115,-1.1833311328739582,0,2.5376618037026204
439,2.1999999999999997,2.8000000000000003,120,-1.3999999999999995,0,2.424871130596429
440,2.1999999999999997,3.0000000000000004,70,1.0260604299770066,0,2.8190778623577253
441,2.1999999999999997,3.0000000000000004,75,0.7764571353075623,0,2.8977774788672055
442,2.1999999999999997,3.0000000000000004,80,0.5209445330007914,0,2.9544232590366244
443,2.1999999999999997,3.0000000000000004,85,0.2614672282429744,0,2.988584094275237
444,2.1999999999999997,3.0000000000000004,90,1.8369701987210302e-16,0,3.0000000000000004
445,2.1999999999999997,3.0000000000000004,95,-0.26146722824297475,0,2.988584094275237
446,2.1999999999999997,3.0000000000000004,100,-0.520944533000791,0,2.9544232590366244
447,2.1999999999999997,3.0000000000000004,105,-0.7764571353075627,0,2.8977774788672055
448,2.1999999999999997,3.0000000000000004,110,-1.0260604299770062,0,2.8190778623577257
449,2.1999999999999997,3.0000000000000004,115,-1.2678547852220983,0,2.7189233611099506
450,2.1999999999999997,3.0000000000000004,120,-1.4999999999999996,0,2.598076211353317
451,2.1999999999999997,3.2000000000000006,70,1.0944644586421404,0,3.0070163865149073
452,2.1999999999999997,3.2000000000000006,75,0.8282209443280665,0,3.0909626441250193
453,2.1999999999999997,3.2000000000000006,80,0.5556741685341774,0,3.151384809639066
454,2.1999999999999997,3.2000000000000006,85,0.27889837679250606,0,3.1878230338935865
455,2.1999999999999997,3.2000000000000006,90,1.9594348786357655e-16,0,3.2000000000000006
456,2.1999999999999997,3.2000000000000006,95,-0.2788983767925064,0,3.1878230338935865
457,2.1999999999999997,3.2000000000000006,100,-0.5556741685341771,0,3.151384809639066
458,2.1999999999999997,3.2000000000000006,105,-0.8282209443280669,0,3.0909626441250193
459,2.1999999999999997,3.2000000000000006,110,-1.0944644586421401,0,3.0070163865149078
460,2.1999999999999997,3.2000000000000006,115,-1.3523784375702381,0,2.9001849185172808
461,2.1999999999999997,3.2000000000000006,120,-1.5999999999999996,0,2.7712812921102046
462,2.3999999999999995,2.3999999999999995,70,0.820848343981605,0,2.2552622898861796
463,2.3999999999999995,2.3999999999999995,75,0.6211657082460497,0,2.3182219830937636
464,2.3999999999999995,2.3999999999999995,80,0.4167556264006329,0,2.3635386072292985
465,2.3999999999999995,2.3999999999999995,85,0.20917378259437946,0,2.390867275420189
466,2.3999999999999995,2.3999999999999995,90,1.4695761589768236e-16,0,2.3999999999999995
467,2.3999999999999995,2.3999999999999995,95,-0.20917378259437971,0,2.390867275420189
468,2.3999999999999995,2.3999999999999995,100,-0.41675562640063263,0,2.3635386072292985
469,2.3999999999999995,2.3999999999999995,105,-0.6211657082460499,0,2.3182219830937636
470,2.3999999999999995,2.3999999999999995,110,-0.8208483439816048,0,2.2552622898861796
471,2.3999999999999995,2.3999999999999995,115,-1.0142838281776783,0,2.1751386888879596
472,2.3999999999999995,2.3999999999999995,120,-1.1999999999999993,0,2.0784609690826525
473,2.3999999999999995,2.5999999999999996,70,0.8892523726467388,0,2.443200814043361
474,2.3999999999999995,2.5999999999999996,75,0.6729295172665538,0,2.5114071483515774
475,2.3999999999999995,2.5999999999999996,80,0.451485261934019,0,2.5605001578317403
476,2.3999999999999995,2.5999999999999996,85,0.2266049311439111,0,2.590106215038538
477,2.3999999999999995,2.5999999999999996,90,1.5920408388915588e-16,0,2.5999999999999996
478,2.3999999999999995,2.5999999999999996,95,-0.2266049311439114,0,2.590106215038538
479,2.3999999999999995,2.5999999999999996,100,-0.4514852619340187,0,2.5605001578317403
480,2.3999999999999995,2.5999999999999996,105,-0.6729295172665541,0,2.5114071483515774
481,2.3999999999999995,2.5999999999999996,110,-0.8892523726467385,0,2.4432008140433616
482,2.3999999999999995,2.5999999999999996,115,-1.0988074805258181,0,2.3564002462952898
483,2.3999999999999995,2.5999999999999996,120,-1.2999999999999992,0,2.2516660498395407
484,2.3999999999999995,2.8,70,0.9576564013118727,0,2.6311393382005432
485,2.3999999999999995,2.8,75,0.7246933262870581,0,2.7045923136093912
486,2.3999999999999995,2.8,80,0.48621489746740515,0,2.757461708434182
487,2.3999999999999995,2.8,85,0.24403607969344274,0,2.7893451546568873
488,2.3999999999999995,2.8,90,1.7145055188062944e-16,0,2.8
489,2.3999999999999995,2.8,95,-0.24403607969344304,0,2.7893451546568873
490,2.3999999999999995,2.8,100,-0.4862148974674048,0,2.757461708434182
491,2.3999999999999995,2.8,105,-0.7246933262870583,0,2.7045923136093912
492,2.3999999999999995,2.8,110,-0.9576564013118724,0,2.6311393382005432
493,2.3999999999999995,2.8,115,-1.183331132873958,0,2.53766180370262
494,2.3999999999999995,2.8,120,-1.3999999999999992,0,2.4248711305964283
495,2.3999999999999995,3.0,70,1.0260604299770064,0,2.819077862357725
496,2.3999999999999995,3.0,75,0.7764571353075622,0,2.897777478867205
497,2.3999999999999995,3.0,80,0.5209445330007912,0,2.954423259036624
498,2.3999999999999995,3.0,85,0.26146722824297436,0,2.988584094275237
499,2.3999999999999995,3.0,90,1.8369701987210297e-16,0,3.0
500,2.3999999999999995,3.0,95,-0.2614672282429747,0,2.988584094275237
501,2.3999999999999995,3.0,100,-0.5209445330007909,0,2.954423259036624
502,2.3999999999999995,3.0,105,-0.7764571353075626,0,2.897777478867205
503,2.3999999999999995,3.0,110,-1.0260604299770062,0,2.8190778623577253
504,2.3999999999999995,3.0,115,-1.267854785222098,0,2.71892336110995
505,2.3999999999999995,3.0,120,-1.4999999999999993,0,2.5980762113533165
506,2.3999999999999995,3.2,70,1.0944644586421404,0,3.007016386514907
507,2.3999999999999995,3.2,75,0.8282209443280664,0,3.090962644125019
508,2.3999999999999995,3.2,80,0.5556741685341774,0,3.1513848096390658
509,2.3999999999999995,3.2,85,0.278898376792506,0,3.187823033893586
510,2.3999999999999995,3.2,90,1.9594348786357652e-16,0,3.2
511,2.3999999999999995,3.2,95,-0.27889837679250634,0,3.187823033893586
512,2.3999999999999995,3.2,100,-0.555674168534177,0,3.1513848096390658
513,2.3999999999999995,3.2,105,-0.8282209443280668,0,3.090962644125019
514,2.3999999999999995,3.2,110,-1.09446445864214,0,3.0070163865149073
515,2.3999999999999995,3.2,115,-1.352378437570238,0,2.9001849185172803
516,2.3999999999999995,3.2,120,-1.5999999999999994,0,2.7712812921102046
517,2.3999999999999995,3.4000000000000004,70,1.162868487307274,0,3.1949549106720885
518,2.3999999999999995,3.4000000000000004,75,0.8799847533485706,0,3.2841478093828327
519,2.3999999999999995,3.4000000000000004,80,0.5904038040675634,0,3.3483463602415076
520,2.3999999999999995,3.4000000000000004,85,0.29632952534203766,0,3.387061973511935
521,2.3999999999999995,3.4000000000000004,90,2.0818995585505008e-16,0,3.4000000000000004
522,2.3999999999999995,3.4000000000000004,95,-0.29632952534203805,0,3.387061973511935
523,2.3999999999999995,3.4000000000000004,100,-0.5904038040675631,0,3.3483463602415076
524,2.3999999999999995,3.4000000000000004,105,-0.879984753348571,0,3.2841478093828327
525,2.3999999999999995,3.4000000000000004,110,-1.1628684873072737,0,3.194954910672089
526,2.3999999999999995,3.4000000000000004,115,-1.436902089918378,0,3.0814464759246105
527,2.3999999999999995,3.4000000000000004,120,-1.6999999999999995,0,2.9444863728670922
528,2.5999999999999996,2.5999999999999996,70,0.8892523726467388,0,2.443200814043361
529,2.5999999999999996,2.5999999999999996,75,0.6729295172665538,0,2.5114071483515774
530,2.5999999999999996,2.5999999999999996,80,0.451485261934019,0,2.5605001578317403
531,2.5999999999999996,2.5999999999999996,85,0.2266049311439111,0,2.590106215038538
532,2.5999999999999996,2.5999999999999996,90,1.5920408388915588e-16,0,2.5999999999999996
533,2.5999999999999996,2.5999999999999996,95,-0.2266049311439114,0,2.590106215038538
534,2.5999999999999996,2.5999999999999996,100,-0.4514852619340187,0,2.5605001578317403
535,2.5999999999999996,2.5999999999999996,105,-0.6729295172665541,0,2.5114071483515774
536,2.5999999999999996,2.5999999999999996,110,-0.8892523726467385,0,2.4432008140433616
537,2.5999999999999996,2.5999999999999996,115,-1.0988074805258181,0,2.3564002462952898
538,2.5999999999999996,2.5999999999999996,120,-1.2999999999999992,0,2.2516660498395407
539,2.5999999999999996,2.8,70,0.9576564013118727,0,2.6311393382005432
540,2.5999999999999996,2.8,75,0.7246933262870581,0,2.7045923136093912
541,2.5999999999999996,2.8,80,0.48621489746740515,0,2.757461708434182
542,2.5999999999999996,2.8,85,0.24403607969344274,0,2.7893451546568873
543,2.5999999999999996,2.8,90,1.7145055188062944e-16,0,2.8
544,2.5999999999999996,2.8,95,-0.24403607969344304,0,2.7893451546568873
545,2.5999999999999996,2.8,100,-0.4862148974674048,0,2.757461708434182
546,2.5999999999999996,2.8,105,-0.7246933262870583,0,2.7045923136093912
547,2.5999999999999996,2.8,110,-0.9576564013118724,0,2.6311393382005432
548,2.5999999999999996,2.8,115,-1.183331132873958,0,2.53766180370262
549,2.5999999999999996,2.8,120,-1.3999999999999992,0,2.4248711305964283
550,2.5999999999999996,3.0,70,1.0260604299770064,0,2.819077862357725
551,2.5999999999999996,3.0,75,0.7764571353075622,0,2.897777478867205
552,2.5999999999999996,3.0,80,0.5209445330007912,0,2.954423259036624
553,2.5999999999999996,3.0,85,0.26146722824297436,0,2.988584094275237
554,2.5999999999999996,3.0,90,1.8369701987210297e-16,0,3.0
555,2.5999999999999996,3.0,95,-0.2614672282429747,0,2.988584094275237
556,2.5999999999999996,3.0,100,-0.5209445330007909,0,2.954423259036624
557,2.5999999999999996,3.0,105,-0.7764571353075626,0,2.897777478867205
558,2.5999999999999996,3.0,110,-1.0260604299770062,0,2.8190778623577253
559,2.5999999999999996,3.0,115,-1.267854785222098,0,2.71892336110995
560,2.5999999999999996,3.0,120,-1.4999999999999993,0,2.5980762113533165
561,2.5999999999999996,3.2,70,1.0944644586421404,0,3.007016386514907
562,2.5999999999999996,3.2,75,0.8282209443280664,0,3.090962644125019
563,2.5999999999999996,3.2,80,0.5556741685341774,0,3.1513848096390658
564,2.5999999999999996,3.2,85,0.278898376792506,0,3.187823033893586
565,2.5999999999999996,3.2,90,1.9594348786357652e-16,0,3.2
566,2.5999999999999996,3.2,95,-0.27889837679250634,0,3.187823033893586
567,2.5999999999999996,3.2,100,-0.555674168534177,0,3.1513848096390658
568,2.5999999999999996,3.2,105,-0.8282209443280668,0,3.090962644125019
569,2.5999999999999996,3.2,110,-1.09446445864214,0,3.0070163865149073
570,2.5999999999999996,3.2,115,-1.352378437570238,0,2.9001849185172803
571,2.5999999999999996,3.2,120,-1.5999999999999994,0,2.7712812921102046
572,2.5999999999999996,3.4000000000000004,70,1.162868487307274,0,3.1949549106720885
573,2.5999999999999996,3.4000000000000004,75,0.8799847533485706,0,3.2841478093828327
574,2.5999999999999996,3.4000000000000004,80,0.5904038040675634,0,3.3483463602415076
575,2.5999999999999996,3.4000000000000004,85,0.29632952534203766,0,3.387061973511935
576,2.5999999999999996,3.4000000000000004,90,2.0818995585505008e-16,0,3.4000000000000004
577,2.5999999999999996,3.4000000000000004,95,-0.29632952534203805,0,3.387061973511935
578,2.5999999999999996,3.4000000000000004,100,-0.5904038040675631,0,3.3483463602415076
579,2.5999999999999996,3.4000000000000004,105,-0.879984753348571,0,3.2841478093828327
580,2.5999999999999996,3.4000000000000004,110,-1.1628684873072737,0,3.194954910672089
581,2.5999999999999996,3.4000000000000004,115,-1.436902089918378,0,3.0814464759246105
582,2.5999999999999996,3.4000000000000004,120,-1.6999999999999995,0,2.9444863728670922
583,2.5999999999999996,3.6000000000000005,70,1.231272515972408,0,3.3828934348292705
584,2.5999999999999996,3.6000000000000005,75,0.9317485623690748,0,3.4773329746406465
585,2.5999999999999996,3.6000000000000005,80,0.6251334396009496,0,3.5453079108439494
586,2.5999999999999996,3.6000000000000005,85,0.3137606738915693,0,3.5863009131302843
587,2.5999999999999996,3.6000000000000005,90,2.204364238465236e-16,0,3.6000000000000005
588,2.5999999999999996,3.6000000000000005,95,-0.3137606738915697,0,3.5863009131302843
589,2.5999999999999996,3.6000000000000005,100,-0.6251334396009491,0,3.5453079108439494
590,2.5999999999999996,3.6000000000000005,105,-0.9317485623690752,0,3.4773329746406465
591,2.5999999999999996,3.6000000000000005,110,-1.2312725159724076,0,3.382893434829271
592,2.5999999999999996,3.6000000000000005,115,-1.5214257422665178,0,3.2627080333319407
593,2.5999999999999996,3.6000000000000005,120,-1.7999999999999994,0,3.1176914536239804
594,2.8,2.8,70,0.9576564013118727,0,2.6311393382005432
595,2.8,2.8,75,0.7246933262870581,0,2.7045923136093912
596,2.8,2.8,80,0.48621489746740515,0,2.757461708434182
597,2.8,2.8,85,0.24403607969344274,0,2.7893451546568873
598,2.8,2.8,90,1.7145055188062944e-16,0,2.8
599,2.8,2.8,95,-0.24403607969344304,0,2.7893451546568873
600,2.8,2.8,100,-0.4862148974674048,0,2.757461708434182
601,2.8,2.8,105,-0.7246933262870583,0,2.7045923136093912
602,2.8,2.8,110,-0.9576564013118724,0,2.6311393382005432
603,2.8,2.8,115,-1.183331132873958,0,2.53766180370262
604,2.8,2.8,120,-1.3999999999999992,0,2.4248711305964283
605,2.8,3.0,70,1.0260604299770064,0,2.819077862357725
606,2.8,3.0,75,0.7764571353075622,0,2.897777478867205
607,2.8,3.0,80,0.5209445330007912,0,2.954423259036624
608,2.8,3.0,85,0.26146722824297436,0,2.988584094275237
609,2.8,3.0,90,1.8369701987210297e-16,0,3.0
610,2.8,3.0,95,-0.2614672282429747,0,2.988584094275237
611,2.8,3.0,100,-0.5209445330007909,0,2.954423259036624
612,2.8,3.0,105,-0.7764571353075626,0,2.897777478867205
613,2.8,3.0,110,-1.0260604299770062,0,2.8190778623577253
614,2.8,3.0,115,-1.267854785222098,0,2.71892336110995
615,2.8,3.0,120,-1.4999999999999993,0,2.5980762113533165
616,2.8,3.2,70,1.0944644586421404,0,3.007016386514907
617,2.8,3.2,75,0.8282209443280664,0,3.090962644125019
618,2.8,3.2,80,0.5556741685341774,0,3.1513848096390658
619,2.8,3.2,85,0.278898376792506,0,3.187823033893586
620,2.8,3.2,90,1.9594348786357652e-16,0,3.2
621,2.8,3.2,95,-0.27889837679250634,0,3.187823033893586
622,2.8,3.2,100,-0.555674168534177,0,3.1513848096390658
623,2.8,3.2,105,-0.8282209443280668,0,3.090962644125019
624,2.8,3.2,110,-1.09446445864214,0,3.0070163865149073
625,2.8,3.2,115,-1.352378437570238,0,2.9001849185172803
626,2.8,3.2,120,-1.5999999999999994,0,2.7712812921102046
627,2.8,3.4000000000000004,70,1.162868487307274,0,3.1949549106720885
628,2.8,3.4000000000000004,75,0.8799847533485706,0,3.2841478093828327
629,2.8,3.4000000000000004,80,0.5904038040675634,0,3.3483463602415076
630,2.8,3.4000000000000004,85,0.29632952534203766,0,3.387061973511935
631,2.8,3.4000000000000004,90,2.0818995585505008e-16,0,3.4000000000000004
632,2.8,3.4000000000000004,95,-0.29632952534203805,0,3.387061973511935
633,2.8,3.4000000000000004,100,-0.5904038040675631,0,3.3483463602415076
634,2.8,3.4000000000000004,105,-0.879984753348571,0,3.2841478093828327
635,2.8,3.4000000000000004,110,-1.1628684873072737,0,3.194954910672089
636,2.8,3.4000000000000004,115,-1.436902089918378,0,3.0814464759246105
637,2.8,3.4000000000000004,120,-1.6999999999999995,0,2.9444863728670922
638,2.8,3.6000000000000005,70,1.231272515972408,0,3.3828934348292705
639,2.8,3.6000000000000005,75,0.9317485623690748,0,3.4773329746406465
640,2.8,3.6000000000000005,80,0.6251334396009496,0,3.5453079108439494
641,2.8,3.6000000000000005,85,0.3137606738915693,0,3.5863009131302843
642,2.8,3.6000000000000005,90,2.204364238465236e-16,0,3.6000000000000005
643,2.8,3.6000000000000005,95,-0.3137606738915697,0,3.5863009131302843
644,2.8,3.6000000000000005,100,-0.6251334396009491,0,3.5453079108439494
645,2.8,3.6000000000000005,105,-0.9317485623690752,0,3.4773329746406465
646,2.8,3.6000000000000005,110,-1.2312725159724076,0,3.382893434829271
647,2.8,3.6000000000000005,115,-1.5214257422665178,0,3.2627080333319407
648,2.8,3.6000000000000005,120,-1.7999999999999994,0,3.1176914536239804
649,2.8,3.8000000000000007,70,1.2996765446375418,0,3.570831958986452
650,2.8,3.8000000000000007,75,0.983512371389579,0,3.6705181398984603
651,2.8,3.8000000000000007,80,0.6598630751343357,0,3.742269461446391
652,2.8,3.8000000000000007,85,0.33119182244110096,0,3.785539852748634
653,2.8,3.8000000000000007,90,2.3268289183799714e-16,0,3.8000000000000007
654,2.8,3.8000000000000007,95,-0.33119182244110135,0,3.785539852748634
655,2.8,3.8000000000000007,100,-0.6598630751343353,0,3.742269461446391
656,2.8,3.8000000000000007,105,-0.9835123713895794,0,3.6705181398984603
657,2.8,3.8000000000000007,110,-1.2996765446375413,0,3.5708319589864526
658,2.8,3.8000000000000007,115,-1.6059493946146577,0,3.443969590739271
659,2.8,3.8000000000000007,120,-1.8999999999999995,0,3.290896534380868
660,2.9999999999999996,2.9999999999999996,70,1.0260604299770064,0,2.8190778623577244
661,2.9999999999999996,2.9999999999999996,75,0.7764571353075621,0,2.8977774788672046
662,2.9999999999999996,2.9999999999999996,80,0.5209445330007911,0,2.9544232590366235
663,2.9999999999999996,2.9999999999999996,85,0.26146722824297436,0,2.9885840942752364
664,2.9999999999999996,2.9999999999999996,90,1.8369701987210294e-16,0,2.9999999999999996
665,2.9999999999999996,2.9999999999999996,95,-0.2614672282429747,0,2.9885840942752364
666,2.9999999999999996,2.9999999999999996,100,-0.5209445330007908,0,2.9544232590366235
667,2.9999999999999996,2.9999999999999996,105,-0.7764571353075624,0,2.8977774788672046
668,2.9999999999999996,2.9999999999999996,110,-1.026060429977006,0,2.819077862357725
669,2.9999999999999996,2.9999999999999996,115,-1.2678547852220978,0,2.7189233611099497
670,2.9999999999999996,2.9999999999999996,120,-1.4999999999999991,0,2.598076211353316
671,2.9999999999999996,3.1999999999999997,70,1.0944644586421401,0,3.0070163865149064
672,2.9999999999999996,3.1999999999999997,75,0.8282209443280663,0,3.0909626441250184
673,2.9999999999999996,3.1999999999999997,80,0.5556741685341773,0,3.1513848096390653
674,2.9999999999999996,3.1999999999999997,85,0.27889837679250595,0,3.1878230338935856
675,2.9999999999999996,3.1999999999999997,90,1.959434878635765e-16,0,3.1999999999999997
676,2.9999999999999996,3.1999999999999997,95,-0.27889837679250634,0,3.1878230338935856
677,2.9999999999999996,3.1999999999999997,100,-0.555674168534177,0,3.1513848096390653
678,2.9999999999999996,3.1999999999999997,105,-0.8282209443280667,0,3.0909626441250184
679,2.9999999999999996,3.1999999999999997,110,-1.0944644586421397,0,3.007016386514907
680,2.9999999999999996,3.1999999999999997,115,-1.3523784375702377,0,2.90018491851728
681,2.9999999999999996,3.1999999999999997,120,-1.5999999999999992,0,2.771281292110204
682,2.9999999999999996,3.4,70,1.1628684873072739,0,3.194954910672088
683,2.9999999999999996,3.4,75,0.8799847533485705,0,3.2841478093828322
684,2.9999999999999996,3.4,80,0.5904038040675634,0,3.348346360241507
685,2.9999999999999996,3.4,85,0.2963295253420376,0,3.3870619735119347
686,2.9999999999999996,3.4,90,2.0818995585505003e-16,0,3.4
687,2.9999999999999996,3.4,95,-0.296329525342038,0,3.3870619735119347
688,2.9999999999999996,3.4,100,-0.590403804067563,0,3.348346360241507
689,2.9999999999999996,3.4,105,-0.8799847533485708,0,3.2841478093828322
690,2.9999999999999996,3.4,110,-1.1628684873072737,0,3.1949549106720885
691,2.9999999999999996,3.4,115,-1.4369020899183778,0,3.08144647592461
692,2.9999999999999996,3.4,120,-1.6999999999999993,0,2.944486372867092
693,2.9999999999999996,3.6,70,1.2312725159724078,0,3.38289343482927
694,2.9999999999999996,3.6,75,0.9317485623690747,0,3.477332974640646
695,2.9999999999999996,3.6,80,0.6251334396009495,0,3.545307910843949
696,2.9999999999999996,3.6,85,0.31376067389156925,0,3.586300913130284
697,2.9999999999999996,3.6,90,2.2043642384652358e-16,0,3.6
698,2.9999999999999996,3.6,95,-0.31376067389156964,0,3.586300913130284
699,2.9999999999999996,3.6,100,-0.6251334396009491,0,3.545307910843949
700,2.9999999999999996,3.6,105,-0.9317485623690751,0,3.477332974640646
701,2.9999999999999996,3.6,110,-1.2312725159724074,0,3.3828934348292705
702,2.9999999999999996,3.6,115,-1.5214257422665176,0,3.2627080333319403
703,2.9999999999999996,3.6,120,-1.7999999999999992,0,3.11769145362398
704,2.9999999999999996,3.8000000000000003,70,1.2996765446375416,0,3.5708319589864517
705,2.9999999999999996,3.8000000000000003,75,0.9835123713895789,0,3.67051813989846
706,2.9999999999999996,3.8000000000000003,80,0.6598630751343356,0,3.7422694614463907
707,2.9999999999999996,3.8000000000000003,85,0.3311918224411009,0,3.7855398527486335
708,2.9999999999999996,3.8000000000000003,90,2.3268289183799714e-16,0,3.8000000000000003
709,2.9999999999999996,3.8000000000000003,95,-0.3311918224411013,0,3.7855398527486335
710,2.9999999999999996,3.8000000000000003,100,-0.6598630751343352,0,3.7422694614463907
711,2.9999999999999996,3.8000000000000003,105,-0.9835123713895793,0,3.67051813989846
712,2.9999999999999996,3.8000000000000003,110,-1.2996765446375411,0,3.570831958986452
713,2.9999999999999996,3.8000000000000003,115,-1.6059493946146575,0,3.4439695907392704
714,2.9999999999999996,3.8000000000000003,120,-1.8999999999999992,0,3.2908965343808676
715,2.9999999999999996,4.0,70,1.3680805733026753,0,3.7587704831436333
716,2.9999999999999996,4.0,75,1.035276180410083,0,3.8637033051562732
717,2.9999999999999996,4.0,80,0.6945927106677217,0,3.939231012048832
718,2.9999999999999996,4.0,85,0.3486229709906325,0,3.984778792366982
719,2.9999999999999996,4.0,90,2.4492935982947064e-16,0,4.0
720,2.9999999999999996,4.0,95,-0.34862297099063294,0,3.984778792366982
721,2.9999999999999996,4.0,100,-0.6945927106677212,0,3.939231012048832
722,2.9999999999999996,4.0,105,-1.0352761804100834,0,3.8637033051562732
723,2.9999999999999996,4.0,110,-1.3680805733026749,0,3.7587704831436337
724,2.9999999999999996,4.0,115,-1.6904730469627973,0,3.6252311481466
725,2.9999999999999996,4.0,120,-1.9999999999999991,0,3.4641016151377553
726,3.1999999999999993,3.1999999999999993,70,1.09446445864214,0,3.007016386514906
727,3.1999999999999993,3.1999999999999993,75,0.8282209443280661,0,3.090962644125018
728,3.1999999999999993,3.1999999999999993,80,0.5556741685341772,0,3.151384809639065
729,3.1999999999999993,3.1999999999999993,85,0.27889837679250595,0,3.187823033893585
730,3.1999999999999993,3.1999999999999993,90,1.9594348786357647e-16,0,3.1999999999999993
731,3.1999999999999993,3.1999999999999993,95,-0.2788983767925063,0,3.187823033893585
732,3.1999999999999993,3.1999999999999993,100,-0.5556741685341768,0,3.151384809639065
733,3.1999999999999993,3.1999999999999993,105,-0.8282209443280666,0,3.090962644125018
734,3.1999999999999993,3.1999999999999993,110,-1.0944644586421397,0,3.0070163865149064
735,3.1999999999999993,3.1999999999999993,115,-1.3523784375702375,0,2.9001849185172794
736,3.1999999999999993,3.1999999999999993,120,-1.599999999999999,0,2.7712812921102037
737,3.1999999999999993,3.3999999999999995,70,1.1628684873072739,0,3.1949549106720876
738,3.1999999999999993,3.3999999999999995,75,0.8799847533485704,0,3.284147809382832
739,3.1999999999999993,3.3999999999999995,80,0.5904038040675633,0,3.3483463602415067
740,3.1999999999999993,3.3999999999999995,85,0.2963295253420376,0,3.3870619735119343
741,3.1999999999999993,3.3999999999999995,90,2.0818995585505e-16,0,3.3999999999999995
742,3.1999999999999993,3.3999999999999995,95,-0.29632952534203794,0,3.3870619735119343
743,3.1999999999999993,3.3999999999999995,100,-0.590403804067563,0,3.3483463602415067
744,3.1999999999999993,3.3999999999999995,105,-0.8799847533485707,0,3.284147809382832
745,3.1999999999999993,3.3999999999999995,110,-1.1628684873072734,0,3.194954910672088
746,3.1999999999999993,3.3999999999999995,115,-1.4369020899183775,0,3.0814464759246096
747,3.1999999999999993,3.3999999999999995,120,-1.699999999999999,0,2.9444863728670914
748,3.1999999999999993,3.5999999999999996,70,1.2312725159724076,0,3.3828934348292696
749,3.1999999999999993,3.5999999999999996,75,0.9317485623690746,0,3.4773329746406456
750,3.1999999999999993,3.5999999999999996,80,0.6251334396009495,0,3.5453079108439485
751,3.1999999999999993,3.5999999999999996,85,0.3137606738915692,0,3.5863009131302834
752,3.1999999999999993,3.5999999999999996,90,2.2043642384652356e-16,0,3.5999999999999996
753,3.1999999999999993,3.5999999999999996,95,-0.31376067389156964,0,3.5863009131302834
754,3.1999999999999993,3.5999999999999996,100,-0.625133439600949,0,3.5453079108439485
755,3.1999999999999993,3.5999999999999996,105,-0.931748562369075,0,3.4773329746406456
756,3.1999999999999993,3.5999999999999996,110,-1.2312725159724072,0,3.38289343482927
757,3.1999999999999993,3.5999999999999996,115,-1.5214257422665174,0,3.26270803333194
758,3.1999999999999993,3.5999999999999996,120,-1.799999999999999,0,3.1176914536239795
759,3.1999999999999993,3.8,70,1.2996765446375416,0,3.5708319589864512
760,3.1999999999999993,3.8,75,0.9835123713895788,0,3.6705181398984594
761,3.1999999999999993,3.8,80,0.6598630751343355,0,3.7422694614463903
762,3.1999999999999993,3.8,85,0.33119182244110085,0,3.785539852748633
763,3.1999999999999993,3.8,90,2.326828918379971e-16,0,3.8
764,3.1999999999999993,3.8,95,-0.3311918224411013,0,3.785539852748633
765,3.1999999999999993,3.8,100,-0.6598630751343352,0,3.7422694614463903
766,3.1999999999999993,3.8,105,-0.9835123713895791,0,3.6705181398984594
767,3.1999999999999993,3.8,110,-1.2996765446375411,0,3.5708319589864517
768,3.1999999999999993,3.8,115,-1.6059493946146575,0,3.44396959073927
769,3.1999999999999993,3.8,120,-1.899999999999999,0,3.290896534380867
770,3.1999999999999993,4.0,70,1.3680805733026753,0,3.7587704831436333
771,3.1999999999999993,4.0,75,1.035276180410083,0,3.8637033051562732
772,3.1999999999999993,4.0,80,0.6945927106677217,0,3.939231012048832
773,3.1999999999999993,4.0,85,0.3486229709906325,0,3.984778792366982
774,3.1999999999999993,4.0,90,2.4492935982947064e-16,0,4.0
775,3.1999999999999993,4.0,95,-0.34862297099063294,0,3.984778792366982
776,3.1999999999999993,4.0,100,-0.6945927106677212,0,3.939231012048832
777,3.1999999999999993,4.0,105,-1.0352761804100834,0,3.8637033051562732
778,3.1999999999999993,4.0,110,-1.3680805733026749,0,3.7587704831436337
779,3.1999999999999993,4.0,115,-1.6904730469627973,0,3.6252311481466
780,3.1999999999999993,4.0,120,-1.9999999999999991,0,3.4641016151377553
781,3.1999999999999993,4.2,70,1.436484601967809,0,3.9467090073008153
782,3.1999999999999993,4.2,75,1.087039989430587,0,4.056888470414087
783,3.1999999999999993,4.2,80,0.7293223462011078,0,4.136192562651273
784,3.1999999999999993,4.2,85,0.36605411954016415,0,4.184017731985332
785,3.1999999999999993,4.2,90,2.571758278209442e-16,0,4.2
786,3.1999999999999993,4.2,95,-0.3660541195401646,0,4.184017731985332
787,3.1999999999999993,4.2,100,-0.7293223462011073,0,4.136192562651273
788,3.1999999999999993,4.2,105,-1.0870399894305875,0,4.056888470414087
789,3.1999999999999993,4.2,110,-1.4364846019678086,0,3.9467090073008158
790,3.1999999999999993,4.2,115,-1.7749966993109372,0,3.8064927055539304
791,3.1999999999999993,4.2,120,-2.099999999999999,0,3.6373066958946434
792,3.3999999999999995,3.3999999999999995,70,1.1628684873072739,0,3.1949549106720876
793,3.3999999999999995,3.3999999999999995,75,0.8799847533485704,0,3.284147809382832
794,3.3999999999999995,3.3999999999999995,80,0.5904038040675633,0,3.3483463602415067
795,3.3999999999999995,3.3999999999999995,85,0.2963295253420376,0,3.3870619735119343
796,3.3999999999999995,3.3999999999999995,90,2.0818995585505e-16,0,3.3999999999999995
797,3.3999999999999995,3.3999999999999995,95,-0.29632952534203794,0,3.3870619735119343
798,3.3999999999999995,3.3999999999999995,100,-0.590403804067563,0,3.3483463602415067
799,3.3999999999999995,3.3999999999999995,105,-0.8799847533485707,0,3.284147809382832
800,3.3999999999999995,3.3999999999999995,110,-1.1628684873072734,0,3.194954910672088
801,3.3999999999999995,3.3999999999999995,115,-1.4369020899183775,0,3.0814464759246096
802,3.3999999999999995,3.3999999999999995,120,-1.699999999999999,0,2.9444863728670914
803,3.3999999999999995,3.5999999999999996,70,1.2312725159724076,0,3.3828934348292696
804,3.3999999999999995,3.5999999999999996,75,0.9317485623690746,0,3.4773329746406456
805,3.3999999999999995,3.5999999999999996,80,0.6251334396009495,0,3.5453079108439485
806,3.3999999999999995,3.5999999999999996,85,0.3137606738915692,0,3.5863009131302834
807,3.3999999999999995,3.5999999999999996,90,2.2043642384652356e-16,0,3.5999999999999996
808,3.3999999999999995,3.5999999999999996,95,-0.31376067389156964,0,3.5863009131302834
809,3.3999999999999995,3.5999999999999996,100,-0.625133439600949,0,3.5453079108439485
810,3.3999999999999995,3.5999999999999996,105,-0.931748562369075,0,3.4773329746406456
811,3.3999999999999995,3.5999999999999996,110,-1.2312725159724072,0,3.38289343482927
812,3.3999999999999995,3.5999999999999996,115,-1.5214257422665174,0,3.26270803333194
813,3.3999999999999995,3.5999999999999996,120,-1.799999999999999,0,3.1176914536239795
814,3.3999999999999995,3.8,70,1.2996765446375416,0,3.5708319589864512
815,3.3999999999999995,3.8,75,0.9835123713895788,0,3.6705181398984594
816,3.3999999999999995,3.8,80,0.6598630751343355,0,3.7422694614463903
817,3.3999999999999995,3.8,85,0.33119182244110085,0,3.785539852748633
818,3.3999999999999995,3.8,90,2.326828918379971e-16,0,3.8
819,3.3999999999999995,3.8,95,-0.3311918224411013,0,3.785539852748633
820,3.3999999999999995,3.8,100,-0.6598630751343352,0,3.7422694614463903
821,3.3999999999999995,3.8,105,-0.9835123713895791,0,3.6705181398984594
822,3.3999999999999995,3.8,110,-1.2996765446375411,0,3.5708319589864517
823,3.3999999999999995,3.8,115,-1.6059493946146575,0,3.44396959073927
824,3.3999999999999995,3.8,120,-1.899999999999999,0,3.290896534380867
825,3.3999999999999995,4.0,70,1.3680805733026753,0,3.7587704831436333
826,3.3999999999999995,4.0,75,1.035276180410083,0,3.8637033051562732
827,3.3999999999999995,4.0,80,0.6945927106677217,0,3.939231012048832
828,3.3999999999999995,4.0,85,0.3486229709906325,0,3.984778792366982
829,3.3999999999999995,4.0,90,2.4492935982947064e-16,0,4.0
830,3.3999999999999995,4.0,95,-0.34862297099063294,0,3.984778792366982
831,3.3999999999999995,4.0,100,-0.6945927106677212,0,3.939231012048832
832,3.3999999999999995,4.0,105,-1.0352761804100834,0,3.8637033051562732
833,3.3999999999999995,4.0,110,-1.3680805733026749,0,3.7587704831436337
834,3.3999999999999995,4.0,115,-1.6904730469627973,0,3.6252311481466
835,3.3999999999999995,4.0,120,-1.9999999999999991,0,3.4641016151377553
836,3.3999999999999995,4.2,70,1.436484601967809,0,3.9467090073008153
837,3.3999999999999995,4.2,75,1.087039989430587,0,4.056888470414087
838,3.3999999999999995,4.2,80,0.7293223462011078,0,4.136192562651273
839,3.3999999999999995,4.2,85,0.36605411954016415,0,4.184017731985332
840,3.3999999999999995,4.2,90,2.571758278209442e-16,0,4.2
841,3.3999999999999995,4.2,95,-0.3660541195401646,0,4.184017731985332
842,3.3999999999999995,4.2,100,-0.7293223462011073,0,4.136192562651273
843,3.3999999999999995,4.2,105,-1.0870399894305875,0,4.056888470414087
844,3.3999999999999995,4.2,110,-1.4364846019678086,0,3.9467090073008158
845,3.3999999999999995,4.2,115,-1.7749966993109372,0,3.8064927055539304
846,3.3999999999999995,4.2,120,-2.099999999999999,0,3.6373066958946434
847,3.3999999999999995,4.4,70,1.504888630632943,0,4.134647531457997
848,3.3999999999999995,4.4,75,1.1388037984510913,0,4.250073635671901
849,3.3999999999999995,4.4,80,0.7640519817344938,0,4.333154113253715
850,3.3999999999999995,4.4,85,0.3834852680896958,0,4.3832566716036805
851,3.3999999999999995,4.4,90,2.6942229581241775e-16,0,4.4
852,3.3999999999999995,4.4,95,-0.38348526808969624,0,4.3832566716036805
853,3.3999999999999995,4.4,100,-0.7640519817344934,0,4.333154113253715
854,3.3999999999999995,4.4,105,-1.138803798451092,0,4.250073635671901
855,3.3999999999999995,4.4,110,-1.5048886306329425,0,4.134647531457998
856,3.3999999999999995,4.4,115,-1.8595203516590773,0,3.9877542629612606
857,3.3999999999999995,4.4,120,-2.1999999999999993,0,3.810511776651531
858,3.5999999999999996,3.5999999999999996,70,1.2312725159724076,0,3.3828934348292696
859,3.5999999999999996,3.5999999999999996,75,0.9317485623690746,0,3.4773329746406456
860,3.5999999999999996,3.5999999999999996,80,0.6251334396009495,0,3.5453079108439485
861,3.5999999999999996,3.5999999999999996,85,0.3137606738915692,0,3.5863009131302834
862,3.5999999999999996,3.5999999999999996,90,2.2043642384652356e-16,0,3.5999999999999996
863,3.5999999999999996,3.5999999999999996,95,-0.31376067389156964,0,3.5863009131302834
864,3.5999999999999996,3.5999999999999996,100,-0.625133439600949,0,3.5453079108439485
865,3.5999999999999996,3.5999999999999996,105,-0.931748562369075,0,3.4773329746406456
866,3.5999999999999996,3.5999999999999996,110,-1.2312725159724072,0,3.38289343482927
867,3.5999999999999996,3.5999999999999996,115,-1.5214257422665174,0,3.26270803333194
868,3.5999999999999996,3.5999999999999996,120,-1.799999999999999,0,3.1176914536239795
869,3.5999999999999996,3.8,70,1.2996765446375416,0,3.5708319589864512
870,3.5999999999999996,3.8,75,0.9835123713895788,0,3.6705181398984594
871,3.5999999999999996,3.8,80,0.6598630751343355,0,3.7422694614463903
872,3.5999999999999996,3.8,85,0.33119182244110085,0,3.785539852748633
873,3.5999999999999996,3.8,90,2.326828918379971e-16,0,3.8
874,3.5999999999999996,3.8,95,-0.3311918224411013,0,3.785539852748633
875,3.5999999999999996,3.8,100,-0.6598630751343352,0,3.7422694614463903
876,3.5999999999999996,3.8,105,-0.9835123713895791,0,3.6705181398984594
877,3.5999999999999996,3.8,110,-1.2996765446375411,0,3.5708319589864517
878,3.5999999999999996,3.8,115,-1.6059493946146575,0,3.44396959073927
879,3.5999999999999996,3.8,120,-1.899999999999999,0,3.290896534380867
880,3.5999999999999996,4.0,70,1.3680805733026753,0,3.7587704831436333
881,3.5999999999999996,4.0,75,1.035276180410083,0,3.8637033051562732
882,3.5999999999999996,4.0,80,0.6945927106677217,0,3.939231012048832
883,3.5999999999999996,4.0,85,0.3486229709906325,0,3.984778792366982
884,3.5999999999999996,4.0,90,2.4492935982947064e-16,0,4.0
885,3.5999999999999996,4.0,95,-0.34862297099063294,0,3.984778792366982
886,3.5999999999999996,4.0,100,-0.6945927106677212,0,3.939231012048832
887,3.5999999999999996,4.0,105,-1.0352761804100834,0,3.8637033051562732
888,3.5999999999999996,4.0,110,-1.3680805733026749,0,3.7587704831436337
889,3.5999999999999996,4.0,115,-1.6904730469627973,0,3.6252311481466
890,3.5999999999999996,4.0,120,-1.9999999999999991,0,3.4641016151377553
891,3.5999999999999996,4.2,70,1.436484601967809,0,3.9467090073008153
892,3.5999999999999996,4.2,75,1.087039989430587,0,4.056888470414087
893,3.5999999999999996,4.2,80,0.7293223462011078,0,4.136192562651273
894,3.5999999999999996,4.2,85,0.36605411954016415,0,4.184017731985332
895,3.5999999999999996,4.2,90,2.571758278209442e-16,0,4.2
896,3.5999999999999996,4.2,95,-0.3660541195401646,0,4.184017731985332
897,3.5999999999999996,4.2,100,-0.7293223462011073,0,4.136192562651273
898,3.5999999999999996,4.2,105,-1.0870399894305875,0,4.056888470414087
899,3.5999999999999996,4.2,110,-1.4364846019678086,0,3.9467090073008158
900,3.5999999999999996,4.2,115,-1.7749966993109372,0,3.8064927055539304
901,3.5999999999999996,4.2,120,-2.099999999999999,0,3.6373066958946434
902,3.5999999999999996,4.4,70,1.504888630632943,0,4.134647531457997
903,3.5999999999999996,4.4,75,1.1388037984510913,0,4.250073635671901
904,3.5999999999999996,4.4,80,0.7640519817344938,0,4.333154113253715
905,3.5999999999999996,4.4,85,0.3834852680896958,0,4.3832566716036805
906,3.5999999999999996,4.4,90,2.6942229581241775e-16,0,4.4
907,3.5999999999999996,4.4,95,-0.38348526808969624,0,4.3832566716036805
908,3.5999999999999996,4.4,100,-0.7640519817344934,0,4.333154113253715
909,3.5999999999999996,4.4,105,-1.138803798451092,0,4.250073635671901
910,3.5999999999999996,4.4,110,-1.5048886306329425,0,4.134647531457998
911,3.5999999999999996,4.4,115,-1.8595203516590773,0,3.9877542629612606
912,3.5999999999999996,4.4,120,-2.1999999999999993,0,3.810511776651531
913,3.5999999999999996,4.6000000000000005,70,1.5732926592980767,0,4.3225860556151785
914,3.5999999999999996,4.6000000000000005,75,1.1905676074715956,0,4.443258800929715
915,3.5999999999999996,4.6000000000000005,80,0.79878161726788,0,4.530115663856157
916,3.5999999999999996,4.6000000000000005,85,0.4009164166392274,0,4.58249561122203
917,3.5999999999999996,4.6000000000000005,90,2.8166876380389125e-16,0,4.6000000000000005
918,3.5999999999999996,4.6000000000000005,95,-0.40091641663922795,0,4.58249561122203
919,3.5999999999999996,4.6000000000000005,100,-0.7987816172678794,0,4.530115663856157
920,3.5999999999999996,4.6000000000000005,105,-1.190567607471596,0,4.443258800929715
921,3.5999999999999996,4.6000000000000005,110,-1.5732926592980763,0,4.322586055615179
922,3.5999999999999996,4.6000000000000005,115,-1.944044004007217,0,4.169015820368591
923,3.5999999999999996,4.6000000000000005,120,-2.2999999999999994,0,3.983716857408419
924,3.7999999999999994,3.7999999999999994,70,1.2996765446375413,0,3.5708319589864512
925,3.7999999999999994,3.7999999999999994,75,0.9835123713895787,0,3.670518139898459
926,3.7999999999999994,3.7999999999999994,80,0.6598630751343355,0,3.74226946144639
927,3.7999999999999994,3.7999999999999994,85,0.3311918224411008,0,3.7855398527486326
928,3.7999999999999994,3.7999999999999994,90,2.326828918379971e-16,0,3.7999999999999994
929,3.7999999999999994,3.7999999999999994,95,-0.33119182244110124,0,3.7855398527486326
930,3.7999999999999994,3.7999999999999994,100,-0.6598630751343351,0,3.74226946144639
931,3.7999999999999994,3.7999999999999994,105,-0.983512371389579,0,3.670518139898459
932,3.7999999999999994,3.7999999999999994,110,-1.299676544637541,0,3.5708319589864512
933,3.7999999999999994,3.7999999999999994,115,-1.6059493946146572,0,3.4439695907392696
934,3.7999999999999994,3.7999999999999994,120,-1.8999999999999988,0,3.290896534380867
935,3.7999999999999994,3.9999999999999996,70,1.368080573302675,0,3.758770483143633
936,3.7999999999999994,3.9999999999999996,75,1.0352761804100827,0,3.863703305156273
937,3.7999999999999994,3.9999999999999996,80,0.6945927106677215,0,3.9392310120488316
938,3.7999999999999994,3.9999999999999996,85,0.34862297099063244,0,3.9847787923669817
939,3.7999999999999994,3.9999999999999996,90,2.449293598294706e-16,0,3.9999999999999996
940,3.7999999999999994,3.9999999999999996,95,-0.3486229709906329,0,3.9847787923669817
941,3.7999999999999994,3.9999999999999996,100,-0.6945927106677211,0,3.9392310120488316
942,3.7999999999999994,3.9999999999999996,105,-1.0352761804100832,0,3.863703305156273
943,3.7999999999999994,3.9999999999999996,110,-1.3680805733026746,0,3.7587704831436333
944,3.7999999999999994,3.9999999999999996,115,-1.690473046962797,0,3.6252311481465997
945,3.7999999999999994,3.9999999999999996,120,-1.999999999999999,0,3.464101615137755
946,3.7999999999999994,4.199999999999999,70,1.4364846019678088,0,3.9467090073008144
947,3.7999999999999994,4.199999999999999,75,1.0870399894305869,0,4.056888470414086
948,3.7999999999999994,4.199999999999999,80,0.7293223462011076,0,4.1361925626512726
949,3.7999999999999994,4.199999999999999,85,0.36605411954016404,0,4.184017731985331
950,3.7999999999999994,4.199999999999999,90,2.5717582782094415e-16,0,4.199999999999999
951,3.7999999999999994,4.199999999999999,95,-0.36605411954016454,0,4.184017731985331
952,3.7999999999999994,4.199999999999999,100,-0.7293223462011071,0,4.1361925626512726
953,3.7999999999999994,4.199999999999999,105,-1.0870399894305873,0,4.056888470414086
954,3.7999999999999994,4.199999999999999,110,-1.4364846019678084,0,3.946709007300815
955,3.7999999999999994,4.199999999999999,115,-1.774996699310937,0,3.8064927055539295
956,3.7999999999999994,4.199999999999999,120,-2.0999999999999988,0,3.6373066958946425
957,3.7999999999999994,4.4,70,1.504888630632943,0,4.134647531457997
958,3.7999999999999994,4.4,75,1.1388037984510913,0,4.250073635671901
959,3.7999999999999994,4.4,80,0.7640519817344938,0,4.333154113253715
960,3.7999999999999994,4.4,85,0.3834852680896958,0,4.3832566716036805
961,3.7999999999999994,4.4,90,2.6942229581241775e-16,0,4.4
962,3.7999999999999994,4.4,95,-0.38348526808969624,0,4.3832566716036805
963,3.7999999999999994,4.4,100,-0.7640519817344934,0,4.333154113253715
964,3.7999999999999994,4.4,105,-1.138803798451092,0,4.250073635671901
965,3.7999999999999994,4.4,110,-1.5048886306329425,0,4.134647531457998
966,3.7999999999999994,4.4,115,-1.8595203516590773,0,3.9877542629612606
967,3.7999999999999994,4.4,120,-2.1999999999999993,0,3.810511776651531
968,3.7999999999999994,4.6,70,1.5732926592980765,0,4.322586055615178
969,3.7999999999999994,4.6,75,1.1905676074715954,0,4.443258800929714
970,3.7999999999999994,4.6,80,0.7987816172678799,0,4.530115663856156
971,3.7999999999999994,4.6,85,0.40091641663922734,0,4.582495611222029
972,3.7999999999999994,4.6,90,2.816687638038912e-16,0,4.6
973,3.7999999999999994,4.6,95,-0.40091641663922784,0,4.582495611222029
974,3.7999999999999994,4.6,100,-0.7987816172678793,0,4.530115663856156
975,3.7999999999999994,4.6,105,-1.1905676074715958,0,4.443258800929714
976,3.7999999999999994,4.6,110,-1.573292659298076,0,4.3225860556151785
977,3.7999999999999994,4.6,115,-1.9440440040072167,0,4.16901582036859
978,3.7999999999999994,4.6,120,-2.299999999999999,0,3.9837168574084183
979,3.7999999999999994,4.800000000000001,70,1.6416966879632107,0,4.510524579772361
980,3.7999999999999994,4.800000000000001,75,1.2423314164920998,0,4.636443966187529
981,3.7999999999999994,4.800000000000001,80,0.8335112528012661,0,4.727077214458599
982,3.7999999999999994,4.800000000000001,85,0.41834756518875904,0,4.78173455084038
983,3.7999999999999994,4.800000000000001,90,2.939152317953648e-16,0,4.800000000000001
984,3.7999999999999994,4.800000000000001,95,-0.4183475651887596,0,4.78173455084038
985,3.7999999999999994,4.800000000000001,100,-0.8335112528012656,0,4.727077214458599
986,3.7999999999999994,4.800000000000001,105,-1.2423314164921002,0,4.636443966187529
987,3.7999999999999994,4.800000000000001,110,-1.64169668796321,0,4.510524579772361
988,3.7999999999999994,4.800000000000001,115,-2.028567656355357,0,4.350277377775921
989,3.7999999999999994,4.800000000000001,120,-2.3999999999999995,0,4.156921938165307
990,3.999999999999999,3.999999999999999,70,1.368080573302675,0,3.7587704831436324
991,3.999999999999999,3.999999999999999,75,1.0352761804100827,0,3.8637033051562724
992,3.999999999999999,3.999999999999999,80,0.6945927106677215,0,3.939231012048831
993,3.999999999999999,3.999999999999999,85,0.34862297099063244,0,3.9847787923669813
994,3.999999999999999,3.999999999999999,90,2.449293598294706e-16,0,3.999999999999999
995,3.999999999999999,3.999999999999999,95,-0.3486229709906329,0,3.9847787923669813
996,3.999999999999999,3.999999999999999,100,-0.6945927106677211,0,3.939231012048831
997,3.999999999999999,3.999999999999999,105,-1.0352761804100832,0,3.8637033051562724
998,3.999999999999999,3.999999999999999,110,-1.3680805733026746,0,3.758770483143633
999,3.999999999999999,3.999999999999999,115,-1.6904730469627969,0,3.6252311481465993
1000,3.999999999999999,3.999999999999999,120,-1.9999999999999987,0,3.4641016151377544
1001,3.999999999999999,4.199999999999999,70,1.4364846019678088,0,3.9467090073008144
1002,3.999999999999999,4.199999999999999,75,1.0870399894305869,0,4.056888470414086
1003,3.999999999999999,4.199999999999999,80,0.7293223462011076,0,4.1361925626512726
1004,3.999999999999999,4.199999999999999,85,0.36605411954016404,0,4.184017731985331
1005,3.999999999999999,4.199999999999999,90,2.5717582782094415e-16,0,4.199999999999999
1006,3.999999999999999,4.199999999999999,95,-0.36605411954016454,0,4.184017731985331
1007,3.999999999999999,4.199999999999999,100,-0.7293223462011071,0,4.1361925626512726
1008,3.999999999999999,4.199999999999999,105,-1.0870399894305873,0,4.056888470414086
1009,3.999999999999999,4.199999999999999,110,-1.4364846019678084,0,3.946709007300815
1010,3.999999999999999,4.199999999999999,115,-1.774996699310937,0,3.8064927055539295
1011,3.999999999999999,4.199999999999999,120,-2.0999999999999988,0,3.6373066958946425
1012,3.999999999999999,4.3999999999999995,70,1.5048886306329425,0,4.134647531457996
1013,3.999999999999999,4.3999999999999995,75,1.138803798451091,0,4.2500736356719
1014,3.999999999999999,4.3999999999999995,80,0.7640519817344937,0,4.333154113253714
1015,3.999999999999999,4.3999999999999995,85,0.3834852680896957,0,4.38325667160368
1016,3.999999999999999,4.3999999999999995,90,2.6942229581241765e-16,0,4.3999999999999995
1017,3.999999999999999,4.3999999999999995,95,-0.3834852680896962,0,4.38325667160368
1018,3.999999999999999,4.3999999999999995,100,-0.7640519817344933,0,4.333154113253714
1019,3.999999999999999,4.3999999999999995,105,-1.1388037984510917,0,4.2500736356719
1020,3.999999999999999,4.3999999999999995,110,-1.504888630632942,0,4.134647531457997
1021,3.999999999999999,4.3999999999999995,115,-1.8595203516590768,0,3.9877542629612597
1022,3.999999999999999,4.3999999999999995,120,-2.199999999999999,0,3.81051177665153
1023,3.999999999999999,4.6,70,1.5732926592980765,0,4.322586055615178
1024,3.999999999999999,4.6,75,1.1905676074715954,0,4.443258800929714
1025,3.999999999999999,4.6,80,0.7987816172678799,0,4.530115663856156
1026,3.999999999999999,4.6,85,0.40091641663922734,0,4.582495611222029
1027,3.999999999999999,4.6,90,2.816687638038912e-16,0,4.6
1028,3.999999999999999,4.6,95,-0.40091641663922784,0,4.582495611222029
1029,3.999999999999999,4.6,100,-0.7987816172678793,0,4.530115663856156
1030,3.999999999999999,4.6,105,-1.1905676074715958,0,4.443258800929714
1031,3.999999999999999,4.6,110,-1.573292659298076,0,4.3225860556151785
1032,3.999999999999999,4.6,115,-1.9440440040072167,0,4.16901582036859
1033,3.999999999999999,4.6,120,-2.299999999999999,0,3.9837168574084183
1034,3.999999999999999,4.8,70,1.6416966879632102,0,4.51052457977236
1035,3.999999999999999,4.8,75,1.2423314164920995,0,4.636443966187528
1036,3.999999999999999,4.8,80,0.8335112528012659,0,4.727077214458598
1037,3.999999999999999,4.8,85,0.418347565188759,0,4.781734550840379
1038,3.999999999999999,4.8,90,2.9391523179536476e-16,0,4.8
1039,3.999999999999999,4.8,95,-0.41834756518875954,0,4.781734550840379
1040,3.999999999999999,4.8,100,-0.8335112528012655,0,4.727077214458598
1041,3.999999999999999,4.8,105,-1.2423314164921,0,4.636443966187528
1042,3.999999999999999,4.8,110,-1.6416966879632098,0,4.51052457977236
1043,3.999999999999999,4.8,115,-2.0285676563553565,0,4.35027737777592
1044,3.999999999999999,4.8,120,-2.399999999999999,0,4.156921938165306
1045,3.999999999999999,5.0,70,1.7101007166283442,0,4.698463103929542
1046,3.999999999999999,5.0,75,1.2940952255126037,0,4.8296291314453415
1047,3.999999999999999,5.0,80,0.8682408883346521,0,4.92403876506104
1048,3.999999999999999,5.0,85,0.43577871373829064,0,4.9809734904587275
1049,3.999999999999999,5.0,90,3.061616997868383e-16,0,5.0
1050,3.999999999999999,5.0,95,-0.4357787137382912,0,4.9809734904587275
1051,3.999999999999999,5.0,100,-0.8682408883346515,0,4.92403876506104
1052,3.999999999999999,5.0,105,-1.2940952255126041,0,4.8296291314453415
1053,3.999999999999999,5.0,110,-1.7101007166283435,0,4.698463103929543
1054,3.999999999999999,5.0,115,-2.113091308703497,0,4.53153893518325
1055,3.999999999999999,5.0,120,-2.499999999999999,0,4.3301270189221945
